page,prompt_id,page_type,module,title
1,MW-NURSERY-V5-P001,Front Cover,Front Matter,My World & General Awareness
2,MW-NURSERY-V5-P002,Inside Cover / Book Information,Front Matter,About This Book
3,MW-NURSERY-V5-P003,This Book Belongs To,Front Matter,This Book Belongs To
4,MW-NURSERY-V5-P004,Core Learning,Me and My Family,All About Me
5,MW-NURSERY-V5-P005,Core Learning,Me and My Family,My Body
6,MW-NURSERY-V5-P006,Core Learning,Me and My Family,My Feelings
7,MW-NURSERY-V5-P007,Core Learning,Me and My Family,My Family
8,MW-NURSERY-V5-P008,Core Learning,Me and My Family,People Who Care for Me
9,MW-NURSERY-V5-P009,Core Learning,Me and My Family,My Home
10,MW-NURSERY-V5-P010,Core Learning,Me and My Family,Things I Use
11,MW-NURSERY-V5-P011,Core Learning,Me and My Family,My Daily Routine
12,MW-NURSERY-V5-P012,Core Learning,My School and Community,My School
13,MW-NURSERY-V5-P013,Core Learning,My School and Community,People at School
14,MW-NURSERY-V5-P014,Core Learning,My School and Community,Classroom Objects
15,MW-NURSERY-V5-P015,Core Learning,My School and Community,Community Helpers
16,MW-NURSERY-V5-P016,Core Learning,My School and Community,Places Near Me
17,MW-NURSERY-V5-P017,Core Learning,My School and Community,At the Market
18,MW-NURSERY-V5-P018,Core Learning,My School and Community,At the Hospital
19,MW-NURSERY-V5-P019,Core Learning,My School and Community,At the Post Office
20,MW-NURSERY-V5-P020,Core Learning,Animals and Nature,Farm Animals
21,MW-NURSERY-V5-P021,Core Learning,Animals and Nature,Wild Animals
22,MW-NURSERY-V5-P022,Core Learning,Animals and Nature,Pet Animals
23,MW-NURSERY-V5-P023,Core Learning,Animals and Nature,Birds Around Us
24,MW-NURSERY-V5-P024,Core Learning,Animals and Nature,Insects Around Us
25,MW-NURSERY-V5-P025,Core Learning,Animals and Nature,Trees and Flowers
26,MW-NURSERY-V5-P026,Core Learning,Animals and Nature,Fruits and Vegetables
27,MW-NURSERY-V5-P027,Core Learning,Animals and Nature,Land and Water
28,MW-NURSERY-V5-P028,Core Learning,Transport and Places,Road Transport
29,MW-NURSERY-V5-P029,Core Learning,Transport and Places,Rail Transport
30,MW-NURSERY-V5-P030,Core Learning,Transport and Places,Water Transport
31,MW-NURSERY-V5-P031,Core Learning,Transport and Places,Air Transport
32,MW-NURSERY-V5-P032,Core Learning,Transport and Places,Traffic Signals
33,MW-NURSERY-V5-P033,Core Learning,Transport and Places,City and Village
34,MW-NURSERY-V5-P034,Core Learning,Transport and Places,Park and Playground
35,MW-NURSERY-V5-P035,Core Learning,Transport and Places,Beach and Mountains
36,MW-NURSERY-V5-P036,Core Learning,Our Changing World,Sunny Day
37,MW-NURSERY-V5-P037,Core Learning,Our Changing World,Rainy Day
38,MW-NURSERY-V5-P038,Core Learning,Our Changing World,Windy Day
39,MW-NURSERY-V5-P039,Core Learning,Our Changing World,Day and Night
40,MW-NURSERY-V5-P040,Core Learning,Our Changing World,Seasons Around Us
41,MW-NURSERY-V5-P041,Core Learning,Our Changing World,Festivals We Celebrate
42,MW-NURSERY-V5-P042,Core Learning,Our Changing World,Our Country India
43,MW-NURSERY-V5-P043,Core Learning,Our Changing World,My World Celebration
44,MW-NURSERY-V5-P044,Back Cover,Back Matter,Back Cover
